charge_voltage_v_mean,charge_voltage_v_std,charge_voltage_v_min,charge_voltage_v_max,charge_c_rate_mean,charge_temperature_k_mean,discharge_voltage_v_mean,discharge_voltage_v_std,discharge_voltage_v_min,discharge_voltage_v_max,discharge_c_rate_mean
3.55773099157883,0.03608869228810921,3.467513084411621,3.598576598410008,1.3076923076923077,278.15000000000003,3.2889393867728347,0.17466393726385152,3.002927821798548,3.597713340165176,1.6016203703703704
