{
  "feature_names": [
    "charge_voltage_v_mean",
    "charge_voltage_v_std",
    "charge_voltage_v_min",
    "charge_voltage_v_max",
    "charge_c_rate_mean",
    "charge_temperature_k_mean",
    "discharge_voltage_v_mean",
    "discharge_voltage_v_std",
    "discharge_voltage_v_min",
    "discharge_voltage_v_max",
    "discharge_c_rate_mean"
  ],
  "classes": [
    "LCO",
    "LFP",
    "NCA",
    "NMC"
  ],
  "coef": [
    [
      -0.4043839868062183,
      -0.4965224656128522,
      0.20040085855179138,
      0.4720086789018958,
      -0.6421936620387574,
      1.301331370449309,
      1.4960264594162684,
      -0.32167240581107864,
      -0.9395431986566519,
      0.2414008368545963,
      0.15942195553439695
    ],
    [
      0.15949495376538833,
      0.027086097908303616,
      -0.08250817357531613,
      0.2824990076781947,
      0.670498398629675,
      -0.3037171074955385,
      -2.353129122224858,
      -1.2919358026587833,
      -0.877896298963135,
      -0.7714710038069983,
      0.8474896754149439
    ],
    [
      0.2175438889308761,
      -0.4631875978961687,
      -0.24082110931051398,
      0.08013495114000226,
      0.07159261848902822,
      -0.4987442122576503,
      -0.5551943241052477,
      1.7379878301888203,
      0.19273893541165216,
      0.3798368965058334,
      -0.41290611526190263
    ],
    [
      0.027345144109953808,
      0.9326239656007158,
      0.12292842433403842,
      -0.8346426377200921,
      -0.09989735507994621,
      -0.49887005069612056,
      1.4122969869138364,
      -0.12437962171896516,
      1.6247005622081334,
      0.15023327044656998,
      -0.59400551568744
    ]
  ],
  "intercept": [
    -1.7062746893672491,
    1.2297801931156778,
    -1.058715692741281,
    1.535210188992844
  ],
  "scaler": {
    "mean": [
      3.498511271701407,
      0.0854609132839169,
      3.3005321915446055,
      3.595598557888477,
      1.3074566116890283,
      299.96316568047337,
      3.3111786140349495,
      0.09289865641076638,
      3.1051235949675964,
      3.58804705743369,
      1.0673976066982092
    ],
    "scale": [
      0.05767300655481091,
      0.046594595029099,
      0.14931488887869834,
      0.013387324912641593,
      1.120048315444613,
      5.772210490181744,
      0.17592613304312268,
      0.04110534239029371,
      0.19107333017513678,
      0.034573247392039375,
      0.8184865881259121
    ]
  }
}


